,id,Name,Calories,Protein_(g),Carbs_(g),Fiber_(g),Sugar_(g),Calcium_(mg),Sodium_(mg),Total_Fat_(g)
346,3050,"BABYFOOD,DINNER,SPAGHETTI&TOMATO&MEAT,JR",68,2.57,11.42,1.1,2.72,15.0,30.0,1.04
347,3051,"BABYFOOD,DINNER,SPAGHETTI&TOMATO&MEAT,TODD",75,5.3,10.8,,,22.0,239.0,
364,3077,"BABYFOOD,DINNER,PASTA W/VEG",60,1.7,8.4,1.5,1.2,14.0,11.0,1.81
1287,6143,"USDA COMMODITY,SPAGHETTI SAU,MEATLESS,CND",48,1.2,8.7,,4.7,20.0,590.0,0.372
1334,6220,"PREGO PASTA,CHNKY GRD MSHRM & GRN PPPR ITAL SAU,RTS",69,1.54,10.0,2.3,7.69,15.0,362.0,
1335,6221,"PREGO PASTA,CHUNKY GARDEN MUSHROOM ITALIAN SAU,RTS",69,1.54,10.0,2.3,7.69,0.0,354.0,0.77
1336,6222,"PREGO PASTA,DICED ONION & GARLIC ITAL SAU,RTS",92,1.54,13.85,2.3,9.23,31.0,369.0,
1337,6223,"PREGO PASTA,FLAV W/ MEAT ITAL SAU,RTS",62,1.54,10.0,2.3,7.69,15.0,369.0,
1338,6224,"PREGO PASTA,FRSH MUSHROOM ITAL SAU,RTS",54,1.54,10.0,2.3,8.46,15.0,369.0,
1339,6225,"PREGO PASTA,GARLIC SUPREME ITAL SAU,RTS",85,1.54,13.08,2.3,10.0,31.0,408.0,
1340,6226,"PREGO PASTA,ITAL SAUSGE & GARLIC ITAL SAU,RTS",72,2.4,10.4,2.4,8.0,16.0,384.0,
1341,6228,"PREGO PASTA,MINI MEATBALL ITAL SAU,RTS",77,3.08,10.0,2.3,7.69,15.0,369.0,
1342,6229,"PREGO PASTA,MUSHRM & GRLIC ITAL SAU,RTS",62,1.54,10.0,2.3,7.69,15.0,362.0,
1344,6231,"PREGO PASTA,MUSHRM & PARMESAN ITALIAN SAU,RTS",104,2.4,17.6,2.4,10.4,48.0,384.0,
1345,6232,"PREGO PASTA,ORGANIC MUSHROOM ITALIAN SAU,RTS",72,1.6,10.4,3.2,7.2,16.0,376.0,
1346,6233,"PREGO PASTA,ORGNIC TOMATO & BASIL ITAL SAU,RTS",72,1.6,10.4,3.2,7.2,32.0,376.0,
1347,6234,"PREGO PASTA,HEART SMRT- RICOTTA PMESAN ITLN SAU,RTS",72,2.4,10.4,2.4,8.0,48.0,288.0,
1348,6235,"PREGO PASTA,RSTD GARLIC & HERB ITAL SAU,RTS",69,1.54,10.0,2.3,6.92,15.0,354.0,
1349,6236,"PREGO PASTA,RSTD GARLIC PARMESAN ITAL SAU,RTS",77,2.31,10.0,2.3,7.69,31.0,369.0,
1350,6237,"PREGO PASTA,H ST- RSTD RED PR GRLIC ITLIAN SAU,RTS",56,1.6,10.4,2.4,7.2,16.0,288.0,
1351,6239,"PREGO PASTA,TOMATO,BASIL & GARLIC ITAL SAU,RTS",64,1.6,9.6,2.4,7.2,16.0,336.0,
1352,6240,"PREGO PASTA,ZESTY MUSHROOM ITALIAN SAU,RTS",85,1.54,13.85,2.3,9.23,15.0,408.0,
1407,6357,"CAMPBELL'S RED & WHITE,GOLDFISH PASTA W/ CHICK",63,2.38,9.52,0.8,0.79,,381.0,1.191
1434,6400,"CAMPBELL'S CHUNKY SOUPS,GRILLED CHICK VEG & PASTA SOUP",41,2.45,5.71,0.8,0.82,8.0,359.0,
1567,6734,"SOUP,CHICK W/STAR-SHAPED PASTA,CND,COND,SINGLE BRAND",50,2.3,7.1,,,,732.0,0.8880000000000001
1576,6931,"SAUCE,PASTA,SPAGHETTI/MARINARA,RTS",50,1.39,7.43,1.8,4.91,26.0,437.0,0.516
1577,6932,"PREGO PASTA,TRADITIONAL ITALIAN SAU,RTS",54,1.54,10.0,2.3,7.69,15.0,369.0,
1597,6976,"SAUCE,PASTA,SPAGHETTI/MARINARA,RTS,LO NA",51,1.41,8.06,1.8,5.5,27.0,30.0,0.547
1613,6994,"PREGO PASTA,CHUNKY GARDEN COMB ITALIAN SAU,RTS",54,1.54,10.0,2.3,7.69,15.0,362.0,
1614,6995,"PREGO PASTA,CHNKY GRDN TMTO,ON & GRLIC ITAL SAU,RTS",72,1.6,10.4,2.4,8.0,16.0,376.0,
3194,11492,"SQUASH,WNTR,SPAGHETTI,RAW",31,0.64,6.91,1.5,2.76,23.0,17.0,0.159
3195,11493,"SQUASH,WNTR,SPAGHETTI,CKD,BLD,DRND,OR BKD,WO/SALT",27,0.66,6.46,1.4,2.53,21.0,18.0,0.08399999999999999
3484,11870,"SQUASH,WNTR,SPAGHETTI,CKD,BLD,DRND,OR BKD,W/SALT",27,0.66,6.46,1.4,2.53,21.0,254.0,0.08399999999999999
6552,20091,"PASTA,GLUTEN-FREE,CORN,DRY",357,7.46,79.26,11.0,,4.0,3.0,0.833
6553,20092,"PASTA,GLUTEN-FREE,CORN,CKD",126,2.63,27.91,4.8,,1.0,0.0,0.293
6554,20093,"PASTA,FRESH-REFRIGERATED,PLN,AS PURCHASED",288,11.31,54.73,,,15.0,26.0,0.599
6555,20094,"PASTA,FRESH-REFRIGERATED,PLN,CKD",131,5.15,24.93,,,6.0,6.0,0.274
6556,20095,"PASTA,FRESH-REFRIGERATED,SPINACH,AS PURCHASED",289,11.26,55.72,,,43.0,27.0,1.142
6557,20096,"PASTA,FRESH-REFRIGERATED,SPINACH,CKD",130,5.06,25.04,,,18.0,6.0,0.513
6558,20097,"PASTA,HOMEMADE,MADE W/EGG,CKD",130,5.28,23.54,,,10.0,83.0,0.9159999999999999
6559,20098,"PASTA,HOMEMADE,MADE WO/EGG,CKD",124,4.37,25.12,,,6.0,74.0,0.327
6572,20120,"PASTA,DRY,ENR",371,13.04,74.67,3.2,2.67,21.0,6.0,0.44800000000000006
6573,20121,"PASTA,CKD,ENR,WO/ ADDED SALT",158,5.8,30.86,1.8,0.56,7.0,1.0,0.307
6574,20124,"PASTA,WHOLE-WHEAT,DRY",352,13.87,73.37,9.2,2.74,29.0,6.0,0.7889999999999999
6575,20125,"PASTA,WHOLE-WHEAT,CKD",149,5.99,30.07,3.9,0.75,13.0,4.0,0.419
6576,20126,"SPAGHETTI,SPINACH,DRY",372,13.35,74.81,10.6,2.72,58.0,36.0,0.40700000000000003
6577,20127,"SPAGHETTI,SPINACH,COOKED",130,4.58,26.15,,,30.0,14.0,0.16299999999999998
6584,20135,"PASTA,WHL GRAIN,51% WHL WHEAT,REMAINING UNENR SEMOLINA,DRY",362,13.51,73.1,10.1,2.6,27.0,11.0,0.632
6585,20136,"PASTA,WHL GRAIN,51% WHL WHEAT,REMAINING UNENR SEMOLINA,CKD",159,5.82,31.51,4.6,0.85,12.0,6.0,0.41000000000000003
6599,20321,"PASTA,CKD,ENR,W/ ADDED SALT",157,5.8,30.59,1.8,0.56,7.0,131.0,0.307
6609,20420,"PASTA,DRY,UNENR",371,13.04,74.67,3.2,2.67,21.0,6.0,0.44800000000000006
6610,20421,"PASTA,CKD,UNENR,WO/ ADDED SALT",158,5.8,30.86,1.8,0.56,7.0,1.0,0.307
6623,20521,"PASTA,CKD,UNENR,W/ ADDED SALT",157,5.8,30.59,1.8,0.56,7.0,131.0,0.5269999999999999
6625,20523,"SPAGHETTI,PROTEIN-FORTIFIED,CKD,ENR (N X 6.25)",164,8.86,30.88,2.0,,10.0,5.0,0.057999999999999996
6628,20622,"SPAGHETTI,PROTEIN-FORTIFIED,DRY,ENR (N X 6.25)",374,21.78,65.65,2.4,,39.0,8.0,0.599
6646,20652,"PASTA,WHL GRAIN,51% WHL WHEAT,REMAINING ENR SEMOLINA,CKD",156,5.67,30.87,4.5,0.65,11.0,4.0,
6647,20653,"PASTA,WHL GRAIN,51% WHL WHEAT,REMAINING ENR SEMOLINA,DRY",361,13.2,73.3,11.3,2.2,25.0,12.0,0.565
6648,20654,"PASTA,GLUTEN-FREE,BROWN RICE FLR,CKD,TINKYADA",138,3.46,32.2,1.7,0.0,5.0,4.0,0.7989999999999999
6649,20655,"PASTA,GLUTEN-FREE,CORN FLR & QUINOA FLR,CKD,ANCIENT HARVEST",152,3.23,31.11,3.3,0.3,7.0,4.0,0.8150000000000001
6650,20656,"PASTA,GLUTEN-FREE,RICE FLR & RICE BRAN EXTRACT,CKD,DE BOLES",200,4.21,40.75,1.9,0.0,21.0,4.0,
6651,20657,"PASTA,GLUTEN-FREE,CORN & RICE FLR,CKD",179,3.2,38.05,1.4,0.0,2.0,4.0,0.40900000000000003
7021,22401,"SPAGHETTI W/ MEAT SAU,FRZ ENTREE",90,5.05,15.24,1.8,2.6,18.0,238.0,0.6799999999999999
7023,22522,"PASTA W/SLICED FRANKS IN TOMATO SAU,CND ENTREE",90,4.37,12.7,1.6,3.17,60.0,287.0,1.815
7030,22901,"TORTELLINI,PASTA W/ CHS FILLING,FRESH-REFRIGERATED",307,13.5,47.0,1.9,0.95,152.0,406.0,5.666
7039,22912,"SPAGHETTI,W/ MEATBALLS IN TOMATO SAU,CND",100,4.37,11.45,2.7,2.91,29.0,280.0,3.092
7040,22914,"PASTA W/ TOMATO SAU,NO MEAT,CND",70,2.22,14.22,0.9,4.0,13.0,272.0,0.224
7047,22929,"CAMPBELL'S,SPAGHETTIOS,MINI BF RAVIOLI IN MEAT SAU",99,4.25,16.6,1.9,5.41,15.0,409.0,
7048,22930,"CAMPBELL'S,SPAGHETTIOS,SPAGHETTI IN TOMATO & CHS SAU",80,2.78,15.87,1.2,5.16,8.0,377.0,
7049,22931,"CAMPBELL'S,SPAGHETTIOS,SPAGHETTIOS ORIGINAL",67,2.38,13.89,1.2,4.37,8.0,238.0,0.198
7050,22932,"CAMPBELL'S,SPAGHETTIOS,SPAGHETTIOS A TO Z'S",67,2.38,13.89,1.2,4.76,60.0,238.0,0.198
7051,22937,"CAMPBELL'S,SPAGHETTIOS,SPAGHETTIOS IN MEAT SAU",69,3.17,12.3,1.2,4.76,60.0,353.0,
7052,22938,"CAMPBELL'S,SPAGHETTIOS,SPAGHETTIOS PLUS CA",67,2.38,13.89,1.2,5.16,119.0,238.0,0.198
7053,22939,"CAMPBELL'S,SPAGHETTIOS RAVIOLIOS BF RAVIOLI IN MEAT SAU",106,4.37,15.08,1.6,3.57,16.0,433.0,
7054,22940,"SPAGHETTIOS,SPAGHETTIOS W/ MEATBALLS",95,4.37,12.7,1.6,3.17,60.0,238.0,2.182
7055,22941,"SPAGHETTIOS,SPAGHETTIOS W/ SLICED FRANKS",87,3.57,12.7,1.6,3.57,60.0,238.0,1.984
7056,22942,"CAMPBELL'S,SPAGHETTIOS,SPAGHETTIOS A TO Z'S W/ MEATBALLS",95,4.37,12.7,1.6,3.17,60.0,238.0,2.182
7057,22943,"SUPPER BAKES MEAL,CHEESY CHICK W/ PASTA (CHICK NOT INCLUDED)",198,7.06,31.76,1.2,4.71,,988.0,
7058,22944,"SUPPER BAKES MEAL KITS,CREAMY STROGANOFF SAU W/ PASTA",147,4.8,24.8,0.8,2.4,,520.0,
7059,22945,"SUPPER BAKES MEAL KITS,GARLIC CHICK W/ PASTA",220,9.76,42.93,2.0,6.83,,741.0,
7078,22965,"CAMPBELL'S,SPAGHETTIOS ORIGINAL,EASY OPEN",70,2.35,14.55,1.4,4.23,9.0,225.0,0.235
7079,22966,"CAMPBELL'S,SPAGHETTIOS,W/ MEATBALLS -",87,4.37,11.65,1.5,3.4,49.0,238.0,2.185
7095,22984,"KASHI,CHICK PASTA POMODORO,FRZ ENTREE",100,7.0,13.0,2.6,1.0,61.0,166.0,1.4
7098,22987,"KASHI PESTO PASTA PRIMAVERA,FRZ,UNPREP",101,3.8,13.0,2.4,1.4,65.0,265.0,2.5999999999999996
7105,22994,"KASHI SPINACH ARTICHOKE PASTA,FRZ,UNPREP",103,5.0,15.1,3.0,0.1,66.0,229.0,2.7
7770,27021,CAMPBELL'S HOMESTYLE HR CHICK W/ WHL GRAIN PASTA SOUP,40,3.8,4.28,0.7,0.32,11.0,167.0,0.612
7778,27033,"PREGO PASTA,HEART SMART- TRADITIONAL S",54,1.54,10.0,2.3,7.7,15.0,277.0,0.769
8241,32008,"PASTA MIX,CLASSIC CHEESEBURGER MACARONI,UNPREP",349,11.6,71.51,2.7,4.97,28.0,2152.0,0.6599999999999999
8242,32009,"PASTA MIX,CLASSIC BF,UNPREP",354,12.32,72.2,2.0,4.95,21.0,1537.0,0.94
8243,32010,"PASTA MIX,ITALIAN LASAGNA,UNPREP",356,10.9,73.77,2.8,11.27,52.0,1850.0,0.866
8250,32017,"PASTA MIX,ITALIAN FOUR CHS LASAGNA,UNPREP",355,12.53,70.26,2.6,6.7,55.0,2093.0,1.2429999999999999
8263,32030,"KASHI ITALIAN VEG MEDLEY PASTA,FRZ,UNPREP",106,4.7,16.3,2.7,2.9,62.0,215.0,1.6
8484,36032,"DENNY'S,SPAGHETTI & MEATBALLS",170,7.84,15.51,1.5,2.03,45.0,351.0,6.704000000000001
8490,36038,"RESTAURANT,FAMILY STYLE,SPAGHETTI & MEATBALLS",170,7.84,15.51,1.5,2.03,45.0,351.0,6.704000000000001
8498,36046,"RESTAURANT,ITALIAN,SPAGHETTI W/ POMODORO SAU (NO MEAT)",104,3.9,17.77,1.7,1.82,15.0,191.0,1.292
8499,36047,"OLIVE GARDEN,SPAGHETTI W/ POMODORO SAU",102,4.26,17.14,1.7,1.77,11.0,183.0,1.172
8500,36048,"CARRABBA'S ITALIAN GRILL,SPAGHETTI W/ POMODORO SAU",104,3.42,18.63,1.7,1.87,17.0,218.0,1.287
8509,36057,"CARRABBA'S ITALIAN GRILL,CHICK PARMESAN WO/ CAVATAPPI PASTA",206,19.0,7.8,0.9,2.89,142.0,467.0,8.181
8510,36058,"OLIVE GARDEN,CHICK PARMIGIANA WO/ PASTA",211,15.33,12.28,0.9,2.68,95.0,625.0,7.916
8511,36059,"RESTAURANT,ITALIAN,CHICK PARMESAN WO/ PASTA",204,16.17,10.92,0.9,2.79,106.0,536.0,7.42
8557,36630,"RESTAURANT,ITALIAN,SPAGHETTI W/ MEAT SAU",121,5.79,16.4,1.6,1.82,17.0,230.0,2.548
8558,36631,"OLIVE GARDEN,SPAGHETTI W/ MEAT SAU",121,5.8,17.19,1.7,1.67,15.0,209.0,2.266
8559,36632,"CARRABBA'S ITALIAN GRILL,SPAGHETTI W/ MEAT SAU",122,5.87,15.71,1.5,1.96,15.0,270.0,2.8310000000000004
